FirstName;SecondName;LastName;Pesel;Birthdate;ContactNumber;Email
Jan;;Kowalski;90010112345;1990-01-01;48500100100;jan.kowalski@example.com
Anna;Maria;Nowak;95030567890;1995-03-05;48500100101;anna.nowak@example.com
Piotr;;Zielinski;88071254321;1988-07-12;48500100102;piotr.zielinski@example.com
Katarzyna;Ewa;Wojcik;92092011111;1992-09-20;48500100103;katarzyna.wojcik@example.com
Michal;;Krawczyk;87041522222;1987-04-15;48500100104;michal.krawczyk@example.com
Agnieszka;;Kaminska;99010133333;1999-01-01;48500100105;agnieszka.kaminska@example.com
Tomasz;Jan;Lewandowski;91083044444;1991-08-30;48500100106;tomasz.lewandowski@example.com
Magdalena;;Dabrowska;94022455555;1994-02-24;48500100107;magdalena.dabrowska@example.com
Pawel;;Szymanski;86060966666;1986-06-09;48500100108;pawel.szymanski@example.com
Karolina;Aleksandra;Kozlowska;97011777777;1997-01-17;48500100109;karolina.kozlowska@example.com
